/*
-- Query: SELECT * FROM testing_system.user
-- Date: 2015-10-24 13:37
*/
INSERT INTO `user` (`id`,`username`,`email`,`password`,`user_role`,`enable`) 
VALUES (1,'admin','123','$2a$10$xTq90ybFNT/W0TfNHdQ4e.0DL1WO/7vebrpDZybGRwdEk/7F8ULEi','ADMIN',1);
INSERT INTO `user` (`id`,`username`,`email`,`password`,`user_role`,`enable`) 
VALUES (2,'student','234','$2a$10$xTq90ybFNT/W0TfNHdQ4e.0DL1WO/7vebrpDZybGRwdEk/7F8ULEi','STUDENT',1);
INSERT INTO `user` (`id`,`username`,`email`,`password`,`user_role`,`enable`) 
VALUES (3,'lecturer1','345','$2a$10$xTq90ybFNT/W0TfNHdQ4e.0DL1WO/7vebrpDZybGRwdEk/7F8ULEi','LECTURER',1);
INSERT INTO `user` (`id`,`username`,`email`,`password`,`user_role`,`enable`) 
VALUES (4,'lecturer2','346','$2a$10$xTq90ybFNT/W0TfNHdQ4e.0DL1WO/7vebrpDZybGRwdEk/7F8ULEi','LECTURER',1);
INSERT INTO `user` (`id`,`username`,`email`,`password`,`user_role`,`enable`) 
VALUES (5,'lecturer3','347','$2a$10$xTq90ybFNT/W0TfNHdQ4e.0DL1WO/7vebrpDZybGRwdEk/7F8ULEi','LECTURER',1);
INSERT INTO `user` (`id`,`username`,`email`,`password`,`user_role`,`enable`) 
VALUES (6,'lecturer4','348','$2a$10$xTq90ybFNT/W0TfNHdQ4e.0DL1WO/7vebrpDZybGRwdEk/7F8ULEi','LECTURER',1);
INSERT INTO `user` (`id`,`username`,`email`,`password`,`user_role`,`enable`) 
VALUES (7,'student1','235','$2a$10$xTq90ybFNT/W0TfNHdQ4e.0DL1WO/7vebrpDZybGRwdEk/7F8ULEi','STUDENT',1);
INSERT INTO `user` (`id`,`username`,`email`,`password`,`user_role`,`enable`) 
VALUES (8,'student2','236','$2a$10$xTq90ybFNT/W0TfNHdQ4e.0DL1WO/7vebrpDZybGRwdEk/7F8ULEi','STUDENT',1);
INSERT INTO `user` (`id`,`username`,`email`,`password`,`user_role`,`enable`) 
VALUES (9,'student3','237','$2a$10$xTq90ybFNT/W0TfNHdQ4e.0DL1WO/7vebrpDZybGRwdEk/7F8ULEi','STUDENT',1);
INSERT INTO `user` (`id`,`username`,`email`,`password`,`user_role`,`enable`) 
VALUES (10,'student4','238','$2a$10$xTq90ybFNT/W0TfNHdQ4e.0DL1WO/7vebrpDZybGRwdEk/7F8ULEi','STUDENT',1);
INSERT INTO `user` (`id`,`username`,`email`,`password`,`user_role`,`enable`) 
VALUES (11,'student5','239','$2a$10$xTq90ybFNT/W0TfNHdQ4e.0DL1WO/7vebrpDZybGRwdEk/7F8ULEi','STUDENT',1);
INSERT INTO `user` (`id`,`username`,`email`,`password`,`user_role`,`enable`) 
VALUES (12,'student6','240','$2a$10$xTq90ybFNT/W0TfNHdQ4e.0DL1WO/7vebrpDZybGRwdEk/7F8ULEi','STUDENT',1);
INSERT INTO `user` (`id`,`username`,`email`,`password`,`user_role`,`enable`) 
VALUES (13,'student7','241','$2a$10$xTq90ybFNT/W0TfNHdQ4e.0DL1WO/7vebrpDZybGRwdEk/7F8ULEi','STUDENT',1);
INSERT INTO `user` (`id`,`username`,`email`,`password`,`user_role`,`enable`) 
VALUES (14,'student8','242','$2a$10$xTq90ybFNT/W0TfNHdQ4e.0DL1WO/7vebrpDZybGRwdEk/7F8ULEi','STUDENT',1);
INSERT INTO `user` (`id`,`username`,`email`,`password`,`user_role`,`enable`) 
VALUES (15,'student9','243','$2a$10$xTq90ybFNT/W0TfNHdQ4e.0DL1WO/7vebrpDZybGRwdEk/7F8ULEi','STUDENT',1);
INSERT INTO `user` (`id`,`username`,`email`,`password`,`user_role`,`enable`)
VALUES (16,'student10','244','$2a$10$xTq90ybFNT/W0TfNHdQ4e.0DL1WO/7vebrpDZybGRwdEk/7F8ULEi','STUDENT',1);
INSERT INTO `user` (`id`,`username`,`email`,`password`,`user_role`,`enable`) 
VALUES (17,'student11','245','$2a$10$xTq90ybFNT/W0TfNHdQ4e.0DL1WO/7vebrpDZybGRwdEk/7F8ULEi','STUDENT',1);
INSERT INTO `user` (`id`,`username`,`email`,`password`,`user_role`,`enable`) 
VALUES (18,'student12','246','$2a$10$xTq90ybFNT/W0TfNHdQ4e.0DL1WO/7vebrpDZybGRwdEk/7F8ULEi','STUDENT',1);
INSERT INTO `user` (`id`,`username`,`email`,`password`,`user_role`,`enable`) 
VALUES (19,'student13','247','$2a$10$xTq90ybFNT/W0TfNHdQ4e.0DL1WO/7vebrpDZybGRwdEk/7F8ULEi','STUDENT',1);
INSERT INTO `user` (`id`,`username`,`email`,`password`,`user_role`,`enable`) 
VALUES (20,'student14','248','$2a$10$xTq90ybFNT/W0TfNHdQ4e.0DL1WO/7vebrpDZybGRwdEk/7F8ULEi','STUDENT',1);


/*
-- Query: SELECT * FROM testing_system.subject
-- Date: 2015-10-24 13:37
*/

INSERT INTO `subject` (`id_subject`,`hours`,`multiplier`,`title`) 
VALUES (1,'80','1.5','Математичні методи моделювання операцій');
INSERT INTO `subject` (`id_subject`,`hours`,`multiplier`,`title`) 
VALUES (2,'120','1.3',"Комп'ютерна графіка");
INSERT INTO `subject` (`id_subject`,`hours`,`multiplier`,`title`) 
VALUES (3,'60','4.5',"Геометричне моделювання");
INSERT INTO `subject` (`id_subject`,`hours`,`multiplier`,`title`) 
VALUES (4,'75','6.0',"Користувацький інтерфейс");
INSERT INTO `subject` (`id_subject`,`hours`,`multiplier`,`title`) 
VALUES (5,'150','5.3',"Теорія прийняття рішеннь");
INSERT INTO `subject` (`id_subject`,`hours`,`multiplier`,`title`) 
VALUES (6,'90','4.5',"Комп'ютерна схемотехніка");
INSERT INTO `subject` (`id_subject`,`hours`,`multiplier`,`title`) 
VALUES (7,'120','1.75',"Об'єктно орієнтоване програмування");
INSERT INTO `subject` (`id_subject`,`hours`,`multiplier`,`title`) 
VALUES (8,'75','4.7',"Бази даних");
INSERT INTO `subject` (`id_subject`,`hours`,`multiplier`,`title`) 
VALUES (9,'75','3.0',"Патерни в об'єктно орієнтованому програмуванні");
INSERT INTO `subject` (`id_subject`,`hours`,`multiplier`,`title`) 
VALUES (10,'90','3.0',"Теорія алгоритмів");

/*
-- Query: SELECT * FROM testing_system.lecturers
-- Date: 2015-10-24 13:37
*/

INSERT INTO `lecturers` (`id_lecturers`,`academic_status`,`degree`,`first_name`,`last_name`, `middle_name`, `user_id`) 
VALUES (1,'PROFESSOR','DOCTOR','Василь','Теслюк','Миколайович', 3);
INSERT INTO `lecturers` (`id_lecturers`,`academic_status`,`degree`,`first_name`,`last_name`, `middle_name`, `user_id`) 
VALUES (2,'DOCENT','CANDIDATE','Роман','Іванців','Дмитрович', 4);
INSERT INTO `lecturers` (`id_lecturers`,`academic_status`,`degree`,`first_name`,`last_name`, `middle_name`, `user_id`) 
VALUES (3,'DOCENT','CANDIDATE','Уляна','Марікуца','Богданівна', 5);
INSERT INTO `lecturers` (`id_lecturers`,`academic_status`,`degree`,`first_name`,`last_name`, `middle_name`, `user_id`) 
VALUES (4,'SENIOR_LECTURER','POSTGRADUATE','Олександр','Маркелов','Едуардович', 6);

/*
-- Query: SELECT * FROM testing_system.groups
-- Date: 2015-10-24 13:37
*/

INSERT INTO `groups` (`id_group`,`degree`,`grade`,`study_form`,`title`) 
VALUES (1,'MASTER','1','DAILY','СПКс-11');
INSERT INTO `groups` (`id_group`,`degree`,`grade`,`study_form`,`title`) 
VALUES (2,'MASTER','2','DAILY','СПКс-21');
INSERT INTO `groups` (`id_group`,`degree`,`grade`,`study_form`,`title`) 
VALUES (3,'BACHELOR','4','NONRESIDENCE','КНз-21');
INSERT INTO `groups` (`id_group`,`degree`,`grade`,`study_form`,`title`) 
VALUES (4,'BACHELOR','4','EXTERNAL','КНе-31');

/*
-- Query: SELECT * FROM testing_system.students
-- Date: 2015-10-24 13:37
*/
INSERT INTO `students` (`id_student`,`first_name`,`last_name`,`middle_name`,`number_gradebook`,`groups_id_group`,`user_id`) 
VALUES (1,'Дмитро','Брилюк','Анатолійович','15081746',1,7);
INSERT INTO `students` (`id_student`,`first_name`,`last_name`,`middle_name`,`number_gradebook`,`groups_id_group`,`user_id`) 
VALUES (2,'Едгар','Вайнаровський','Валерійович','15081747',1,8);
INSERT INTO `students` (`id_student`,`first_name`,`last_name`,`middle_name`,`number_gradebook`,`groups_id_group`,`user_id`) 
VALUES (3,'Юрій','Рибак','Васильович','15081748',1,9);
INSERT INTO `students` (`id_student`,`first_name`,`last_name`,`middle_name`,`number_gradebook`,`groups_id_group`,`user_id`) 
VALUES (4,'Степан','Ковальський','Ігорович','15081749',1,10);
INSERT INTO `students` (`id_student`,`first_name`,`last_name`,`middle_name`,`number_gradebook`,`groups_id_group`,`user_id`) 
VALUES (5,'Слава','Стрижоус','Петрович','15081750',1,11);
INSERT INTO `students` (`id_student`,`first_name`,`last_name`,`middle_name`,`number_gradebook`,`groups_id_group`,`user_id`) 
VALUES (6,'Андрій','Гурський','Іванович','15081751',2,12);
INSERT INTO `students` (`id_student`,`first_name`,`last_name`,`middle_name`,`number_gradebook`,`groups_id_group`,`user_id`) 
VALUES (7,'Богдан','Дикий','Сергійович','15081752',2,13);
INSERT INTO `students` (`id_student`,`first_name`,`last_name`,`middle_name`,`number_gradebook`,`groups_id_group`,`user_id`) 
VALUES (8,'Тарас','Петрук','Степанович','15081753',2,14);
INSERT INTO `students` (`id_student`,`first_name`,`last_name`,`middle_name`,`number_gradebook`,`groups_id_group`,`user_id`) 
VALUES (9,'Андрій','Шкіндер','Антонович','15081754',2,15);
INSERT INTO `students` (`id_student`,`first_name`,`last_name`,`middle_name`,`number_gradebook`,`groups_id_group`,`user_id`) 
VALUES (10,'Констянтин','Острук','Михайлович','15081755',3,16);
INSERT INTO `students` (`id_student`,`first_name`,`last_name`,`middle_name`,`number_gradebook`,`groups_id_group`,`user_id`) 
VALUES (11,'Іван','Максим','Петрович','15081756',3,17);
INSERT INTO `students` (`id_student`,`first_name`,`last_name`,`middle_name`,`number_gradebook`,`groups_id_group`,`user_id`) 
VALUES (12,'Іван','Місанчук','Максиович','15081757',3,18);
INSERT INTO `students` (`id_student`,`first_name`,`last_name`,`middle_name`,`number_gradebook`,`groups_id_group`,`user_id`) 
VALUES (13,'Денис','Башмак','Ігорович','15081758',4,19);
INSERT INTO `students` (`id_student`,`first_name`,`last_name`,`middle_name`,`number_gradebook`,`groups_id_group`,`user_id`) 
VALUES (14,'Максим','Поремчук','Васильович','15081759',4,20);

/*
-- Query: SELECT * FROM testing_system.subject_has_lecturers
-- Date: 2015-10-24 13:37
*/

INSERT INTO `subject_has_lecturers` (`lecturers_id_lecturers`,`subject_id_subject`) 
VALUES (1,1);
INSERT INTO `subject_has_lecturers` (`lecturers_id_lecturers`,`subject_id_subject`) 
VALUES (1,8);
INSERT INTO `subject_has_lecturers` (`lecturers_id_lecturers`,`subject_id_subject`) 
VALUES (1,10);
INSERT INTO `subject_has_lecturers` (`lecturers_id_lecturers`,`subject_id_subject`) 
VALUES (2,5);
INSERT INTO `subject_has_lecturers` (`lecturers_id_lecturers`,`subject_id_subject`) 
VALUES (2,6);
INSERT INTO `subject_has_lecturers` (`lecturers_id_lecturers`,`subject_id_subject`) 
VALUES (3,6);
INSERT INTO `subject_has_lecturers` (`lecturers_id_lecturers`,`subject_id_subject`) 
VALUES (4,7);
INSERT INTO `subject_has_lecturers` (`lecturers_id_lecturers`,`subject_id_subject`) 
VALUES (3,7);
INSERT INTO `subject_has_lecturers` (`lecturers_id_lecturers`,`subject_id_subject`) 
VALUES (3,9);
INSERT INTO `subject_has_lecturers` (`lecturers_id_lecturers`,`subject_id_subject`) 
VALUES (4,2);
INSERT INTO `subject_has_lecturers` (`lecturers_id_lecturers`,`subject_id_subject`) 
VALUES (4,3);
INSERT INTO `subject_has_lecturers` (`lecturers_id_lecturers`,`subject_id_subject`) 
VALUES (4,4);


/*
-- Query: SELECT * FROM testing_system.subject_has_groups
-- Date: 2015-10-24 13:37
*/

INSERT INTO `subject_has_groups` (`subject_id_subject`,`groups_id_group`) 
VALUES (1,1);
INSERT INTO `subject_has_groups` (`subject_id_subject`,`groups_id_group`) 
VALUES (2,1);
INSERT INTO `subject_has_groups` (`subject_id_subject`,`groups_id_group`) 
VALUES (3,1);
INSERT INTO `subject_has_groups` (`subject_id_subject`,`groups_id_group`) 
VALUES (4,1);
INSERT INTO `subject_has_groups` (`subject_id_subject`,`groups_id_group`) 
VALUES (5,2);
INSERT INTO `subject_has_groups` (`subject_id_subject`,`groups_id_group`) 
VALUES (6,2);
INSERT INTO `subject_has_groups` (`subject_id_subject`,`groups_id_group`) 
VALUES (7,2);
INSERT INTO `subject_has_groups` (`subject_id_subject`,`groups_id_group`) 
VALUES (8,3);
INSERT INTO `subject_has_groups` (`subject_id_subject`,`groups_id_group`) 
VALUES (9,3);
INSERT INTO `subject_has_groups` (`subject_id_subject`,`groups_id_group`) 
VALUES (9,2);
INSERT INTO `subject_has_groups` (`subject_id_subject`,`groups_id_group`) 
VALUES (9,1);
INSERT INTO `subject_has_groups` (`subject_id_subject`,`groups_id_group`) 
VALUES (10,4);

/*
-- Query: SELECT * FROM testing_system.tests
-- Date: 2015-10-24 13:37
*/
INSERT INTO `tests` (`id`,`avaible`,`max_grade`,`title`,`type`,`time`,`subject_id_subject`) 
VALUES (1,1,'10','Лабораторна №1','LABARATORY','15',1);
INSERT INTO `tests` (`id`,`avaible`,`max_grade`,`title`,`type`,`time`,`subject_id_subject`) 
VALUES (2,0,'10','Лабораторна №2','LABARATORY','20',1);
INSERT INTO `tests` (`id`,`avaible`,`max_grade`,`title`,`type`,`time`,`subject_id_subject`) 
VALUES (3,1,'60','Екзамен','FINAL','90',1);
INSERT INTO `tests` (`id`,`avaible`,`max_grade`,`title`,`type`,`time`,`subject_id_subject`) 
VALUES (4,1,'10','Лабораторна №1','LABARATORY','20',2);
INSERT INTO `tests` (`id`,`avaible`,`max_grade`,`title`,`type`,`time`,`subject_id_subject`) 
VALUES (5,0,'10','Лабораторна №2','LABARATORY','20',2);
INSERT INTO `tests` (`id`,`avaible`,`max_grade`,`title`,`type`,`time`,`subject_id_subject`) 
VALUES (6,0,'60','Модуль №1','MODUL','60',2);
INSERT INTO `tests` (`id`,`avaible`,`max_grade`,`title`,`type`,`time`,`subject_id_subject`) 
VALUES (7,1,'10','Лабораторна №1','LABARATORY','20',4);
INSERT INTO `tests` (`id`,`avaible`,`max_grade`,`title`,`type`,`time`,`subject_id_subject`) 
VALUES (8,0,'10','Лабораторна №2','LABARATORY','20',4);
INSERT INTO `tests` (`id`,`avaible`,`max_grade`,`title`,`type`,`time`,`subject_id_subject`) 
VALUES (9,0,'60','Модуль №1','MODUL','60',4);
INSERT INTO `tests` (`id`,`avaible`,`max_grade`,`title`,`type`,`time`,`subject_id_subject`) 
VALUES (10,0,'60','Модуль №2','MODUL','70',4);
INSERT INTO `tests` (`id`,`avaible`,`max_grade`,`title`,`type`,`time`,`subject_id_subject`) 
VALUES (11,0,'40','Модуль №1','MODUL','70',8);
INSERT INTO `tests` (`id`,`avaible`,`max_grade`,`title`,`type`,`time`,`subject_id_subject`) 
VALUES (12,0,'40','Модуль №2','MODUL','60',8);
INSERT INTO `tests` (`id`,`avaible`,`max_grade`,`title`,`type`,`time`,`subject_id_subject`) 
VALUES (13,0,'10','Лабораторна №2','LABARATORY','15',8);
INSERT INTO `tests` (`id`,`avaible`,`max_grade`,`title`,`type`,`time`,`subject_id_subject`) 
VALUES (14,0,'40','Модуль №1','MODUL','60',10);
INSERT INTO `tests` (`id`,`avaible`,`max_grade`,`title`,`type`,`time`,`subject_id_subject`) 
VALUES (15,0,'40','Модуль №2','MODUL','60',10);
INSERT INTO `tests` (`id`,`avaible`,`max_grade`,`title`,`type`,`time`,`subject_id_subject`) 
VALUES (16,0,'10','Лабораторна №2','LABARATORY','25',10);


/*
-- Query: SELECT * FROM testing_system.questions
-- Date: 2015-10-24 13:37
*/
INSERT INTO `questions` (`id`,`question_type`,`text`,`tests_id_test`) 
VALUES (1,'MULTI','Запитання №1',1);
INSERT INTO `questions` (`id`,`question_type`,`text`,`tests_id_test`) 
VALUES (2,'ONE','Запитання №2',1);
INSERT INTO `questions` (`id`,`question_type`,`text`,`tests_id_test`) 
VALUES (3,'ONE','Запитання №3',1);
INSERT INTO `questions` (`id`,`question_type`,`text`,`tests_id_test`) 
VALUES (4,'MULTI','Запитання №4',1);
INSERT INTO `questions` (`id`,`question_type`,`text`,`tests_id_test`) 
VALUES (5,'ONE','Запитання №1',2);

/*
-- Query: SELECT * FROM testing_system.answers
-- Date: 2015-10-24 13:37
*/
INSERT INTO `answers` (`id`,`grade`,`text`,`questions_id_questions`) 
VALUES (1,'0','Відповідь №1.1',1);
INSERT INTO `answers` (`id`,`grade`,`text`,`questions_id_questions`) 
VALUES (2,'0','Відповідь №1.2',1);
INSERT INTO `answers` (`id`,`grade`,`text`,`questions_id_questions`) 
VALUES (3,'1.25','Відповідь №1.3',1);
INSERT INTO `answers` (`id`,`grade`,`text`,`questions_id_questions`) 
VALUES (4,'0','Відповідь №1.4',1);
INSERT INTO `answers` (`id`,`grade`,`text`,`questions_id_questions`) 
VALUES (5,'1.25','Відповідь №1.5',1);
INSERT INTO `answers` (`id`,`grade`,`text`,`questions_id_questions`) 
VALUES (6,'2.5','Відповідь №2.1',2);
INSERT INTO `answers` (`id`,`grade`,`text`,`questions_id_questions`) 
VALUES (7,'0','Відповідь №2.2',2);
INSERT INTO `answers` (`id`,`grade`,`text`,`questions_id_questions`) 
VALUES (8,'0','Відповідь №3.1',3);
INSERT INTO `answers` (`id`,`grade`,`text`,`questions_id_questions`) 
VALUES (9,'2.5','Відповідь №3.2',3);
INSERT INTO `answers` (`id`,`grade`,`text`,`questions_id_questions`) 
VALUES (10,'0','Відповідь №3.3',3);
INSERT INTO `answers` (`id`,`grade`,`text`,`questions_id_questions`) 
VALUES (11,'0','Відповідь №3.4',3);
INSERT INTO `answers` (`id`,`grade`,`text`,`questions_id_questions`) 
VALUES (12,'0','Відповідь №4.1',4);
INSERT INTO `answers` (`id`,`grade`,`text`,`questions_id_questions`) 
VALUES (13,'0','Відповідь №4.2',4);
INSERT INTO `answers` (`id`,`grade`,`text`,`questions_id_questions`) 
VALUES (14,'1.25','Відповідь №4.3',4);
INSERT INTO `answers` (`id`,`grade`,`text`,`questions_id_questions`) 
VALUES (15,'1.25','Відповідь №4.4',4);

/*
-- Query: SELECT * FROM testing_system.result
-- Date: 2015-10-24 13:37
*/
INSERT INTO `result` (`id`,`mark`,`max_grade`,`test_title`,`students_id_student`,`tests_id`) 
VALUES (1,'7.5','10','Лабораторна №1',1,1);
INSERT INTO `result` (`id`,`mark`,`max_grade`,`test_title`,`students_id_student`,`tests_id`) 
VALUES (2,'25','40','Модуль №1',1,11);
INSERT INTO `result` (`id`,`mark`,`max_grade`,`test_title`,`students_id_student`,`tests_id`) 
VALUES (3,'32','40','Модуль №2',1,12);
INSERT INTO `result` (`id`,`mark`,`max_grade`,`test_title`,`students_id_student`,`tests_id`) 
VALUES (4,'8.2','10','Лабораторна №2',1,13);
INSERT INTO `result` (`id`,`mark`,`max_grade`,`test_title`,`students_id_student`,`tests_id`) 
VALUES (5,'37','40','Модуль №1',1,14);
INSERT INTO `result` (`id`,`mark`,`max_grade`,`test_title`,`students_id_student`,`tests_id`) 
VALUES (6,'17','40','Модуль №2',1,15);
INSERT INTO `result` (`id`,`mark`,`max_grade`,`test_title`,`students_id_student`,`tests_id`) 
VALUES (7,'6.3','10','Лабораторна №2',1,16);
INSERT INTO `result` (`id`,`mark`,`max_grade`,`test_title`,`students_id_student`,`tests_id`) 
VALUES (8,'40','40','Модуль №2',2,12);
INSERT INTO `result` (`id`,`mark`,`max_grade`,`test_title`,`students_id_student`,`tests_id`) 
VALUES (9,'7.5','10','Лабораторна №2',2,13);
INSERT INTO `result` (`id`,`mark`,`max_grade`,`test_title`,`students_id_student`,`tests_id`) 
VALUES (10,'29.7','40','Модуль №1',2,14);
INSERT INTO `result` (`id`,`mark`,`max_grade`,`test_title`,`students_id_student`,`tests_id`) 
VALUES (11,'34','40','Модуль №2',2,15);
INSERT INTO `result` (`id`,`mark`,`max_grade`,`test_title`,`students_id_student`,`tests_id`) 
VALUES (12,'6.5','10','Лабораторна №2',2,16);

